stockname;price;price_date;industry
Digi International Inc.;€ 247,23;20.09.2020;Computer Communications Equipment
Shoe Carnival, Inc.;€ 112,30;04.01.2021;Clothing/Shoe/Accessory Stores
InVivo Therapeutics Holdings Corp.;€ 332,94;01.10.2020;Medical/Dental Instruments
Gazit-Globe Ltd.;€ 323,10;24.08.2020;Real Estate
Alon USA Energy, Inc.;€ 374,65;20.09.2020;Integrated oil Companies
MyoKardia, Inc.;€ 585,05;04.08.2020;Major Pharmaceuticals
Manhattan Bridge Capital, Inc;€ 315,23;06.09.2020;Real Estate Investment Trusts
WD-40 Company;€ 552,87;23.06.2020;Major Chemicals
Toronto Dominion Bank (The);€ 423,94;17.02.2021;Commercial Banks
FinTech Acquisition Corp. II;€ 474,67;17.10.2020;Business Services
Otelco Inc.;€ 546,79;17.06.2020;Telecommunications Equipment
J & J Snack Foods Corp.;€ 496,15;12.04.2021;Specialty Foods
ChipMOS TECHNOLOGIES INC.;€ 140,69;09.04.2021;Semiconductors
PPlus Trust;€ 238,79;18.03.2021;Finance: Consumer Services
Pimco Municipal Income Fund II;€ 329,27;12.02.2021;n/a
Hercules Capital, Inc.;€ 83,88;05.04.2021;n/a
Advanced Emissions Solutions, Inc.;€ 295,06;10.10.2020;Major Chemicals
Cavium, Inc.;€ 93,63;06.05.2020;Semiconductors
National Western Life Group, Inc.;€ 304,03;27.09.2020;Life Insurance
ProPetro Holding Corp.;€ 498,45;24.10.2020;Oilfield Services/Equipment
PowerShares High Yield Equity Dividend Achievers Portfolio;€ 494,06;03.08.2020;n/a
iShares MSCI Emerging Markets Asia Index Fund;€ 580,88;05.08.2020;n/a
Citigroup Inc.;€ 334,03;03.02.2021;Major Banks
PRA Health Sciences, Inc.;€ 408,32;24.10.2020;Biotechnology: Commercial Physical & Biological Resarch
Solar Senior Capital Ltd.;€ 307,65;18.12.2020;n/a
Pinnacle Financial Partners, Inc.;€ 138,49;05.05.2020;Major Banks
iPath US Treasury Flattener ETN;€ 324,65;17.08.2020;Commercial Banks
SEACOR Holdings, Inc.;€ 332,58;06.05.2020;Marine Transportation
Tower Semiconductor Ltd.;€ 209,19;09.09.2020;Semiconductors
HealthEquity, Inc.;€ 560,77;17.11.2020;Business Services
Blackbaud, Inc.;€ 238,22;28.08.2020;Computer Software: Prepackaged Software
Hailiang Education Group Inc.;€ 171,50;17.07.2020;Other Consumer Services
Global Brokerage, Inc.;€ 78,45;20.03.2021;Investment Bankers/Brokers/Service
Tower International, Inc.;€ 477,17;13.04.2021;Auto Parts:O.E.M.
USLIFE Income Fund, Inc.;€ 240,95;25.05.2020;n/a
Sapiens International Corporation N.V.;€ 454,55;09.12.2020;Computer Software: Prepackaged Software
BlackRock Resources;€ 453,14;01.06.2020;n/a
Toll Brothers Inc.;€ 483,47;16.03.2021;Homebuilding
Atrion Corporation;€ 353,12;15.06.2020;Medical/Dental Instruments
Penn Virginia Corporation;€ 361,76;31.12.2020;Oil & Gas Production
Senior Housing Properties Trust;€ 176,98;14.02.2021;Real Estate Investment Trusts
J P Morgan Chase & Co;€ 401,39;05.02.2021;n/a
Transocean Ltd.;€ 464,86;20.06.2020;Oil & Gas Production
Hunter Maritime Acquisition Corp.;€ 329,18;22.11.2020;Oil Refining/Marketing
Blue Capital Reinsurance Holdings Ltd.;€ 225,92;24.02.2021;Property-Casualty Insurers
LifePoint Health, Inc.;€ 313,84;09.08.2020;Hospital/Nursing Management
BLDRS Asia 50 ADR Index Fund;€ 293,89;03.10.2020;n/a
Brookline Bancorp, Inc.;€ 235,13;23.02.2021;Savings Institutions
Farmers Capital Bank Corporation;€ 149,94;01.03.2021;Major Banks
Blackrock MuniHoldings Fund II, Inc.;€ 164,19;08.09.2020;n/a
PowerShares KBW Premium Yield Equity REIT Portfolio;€ 220,02;21.02.2021;n/a
Rambus, Inc.;€ 414,63;10.09.2020;Semiconductors
Freightcar America, Inc.;€ 246,72;25.05.2020;Railroads
Ellington Residential Mortgage REIT;€ 378,67;06.04.2021;Real Estate Investment Trusts
Melco Resorts & Entertainment Limited;€ 459,24;06.02.2021;Hotels/Resorts
Revance Therapeutics, Inc.;€ 587,33;14.02.2021;Major Pharmaceuticals
PAREXEL International Corporation;€ 145,20;19.02.2021;Biotechnology: Commercial Physical & Biological Resarch
Blackrock MuniHoldings Quality Fund, Inc.;€ 443,75;14.07.2020;n/a
China Green Agriculture, Inc.;€ 281,53;25.04.2021;Agricultural Chemicals
Kennametal Inc.;€ 433,54;31.12.2020;Industrial Machinery/Components
Hennessy Advisors, Inc.;€ 320,62;06.11.2020;Investment Managers
National Beverage Corp.;€ 303,08;24.12.2020;Beverages (Production/Distribution)
Interpublic Group of Companies, Inc. (The);€ 405,02;28.08.2020;Advertising
Star Bulk Carriers Corp.;€ 427,27;11.12.2020;Marine Transportation
Innophos Holdings, Inc.;€ 99,01;07.01.2021;Specialty Chemicals
Celadon Group, Inc.;€ 501,44;25.04.2021;Trucking Freight/Courier Services
Helen of Troy Limited;€ 527,16;17.11.2020;Home Furnishings
A-Mark Precious Metals, Inc.;€ 497,35;18.12.2020;Other Specialty Stores
Uranium Resources, Inc.;€ 70,78;16.08.2020;Precious Metals
Select Asset Inc.;€ 561,61;08.01.2021;Finance: Consumer Services
Diana Shipping inc.;€ 139,52;07.02.2021;Marine Transportation
Cellectar Biosciences, Inc.;€ 466,26;15.06.2020;Major Pharmaceuticals
Fifth Street Finance Corp.;€ 590,90;15.08.2020;n/a
NN, Inc.;€ 123,83;27.09.2020;Metal Fabrications
SG Blocks, Inc.;€ 171,40;26.03.2021;n/a
Southwestern Energy Company;€ 325,60;22.12.2020;Oil & Gas Production
AdvanSix Inc.;€ 119,47;20.01.2021;Major Chemicals
Wabco Holdings Inc.;€ 66,25;22.06.2020;Auto Manufacturing
Great Elm Capital Group, Inc. ;€ 59,43;15.12.2020;Computer Software: Prepackaged Software
GTY Technology Holdings, Inc.;€ 451,63;14.01.2021;Business Services
Benchmark Electronics, Inc.;€ 426,46;25.01.2021;Electrical Products
LendingClub Corporation;€ 375,69;26.02.2021;Business Services
Suncor Energy  Inc.;€ 364,88;13.06.2020;Integrated oil Companies
TCG BDC, Inc.;€ 110,04;01.09.2020;n/a
Red Lion Hotels Corporation;€ 139,06;03.09.2020;Hotels/Resorts
Microvision, Inc.;€ 545,42;04.12.2020;Industrial Machinery/Components
Black Box Corporation;€ 115,55;12.01.2021;Computer Communications Equipment
HSBC Holdings plc;€ 309,99;23.09.2020;Savings Institutions
Booz Allen Hamilton Holding Corporation;€ 549,51;01.02.2021;Professional Services
VelocityShares Daily 2x VIX Medium-Term ETN;€ 431,50;03.10.2020;Investment Bankers/Brokers/Service
Abercrombie & Fitch Company;€ 461,03;03.03.2021;Clothing/Shoe/Accessory Stores
Honeywell International Inc.;€ 81,36;30.04.2021;Auto Parts:O.E.M.
Integra LifeSciences Holdings Corporation;€ 262,77;08.12.2020;Biotechnology: Laboratory Analytical Instruments
Franklin Electric Co., Inc.;€ 182,60;18.12.2020;Metal Fabrications
NVIDIA Corporation;€ 191,38;23.01.2021;Semiconductors
Empresa Distribuidora Y Comercializadora Norte S.A. (Edenor);€ 308,73;27.03.2021;Electric Utilities: Central
Public Storage;€ 400,93;27.05.2020;Real Estate Investment Trusts
The Hanover Insurance Group, Inc.;€ 527,33;22.10.2020;Property-Casualty Insurers
Atlantic Power Corporation;€ 584,01;06.11.2020;Electric Utilities: Central
Village Bank and Trust Financial Corp.;€ 454,45;04.06.2020;Major Banks
Education Realty Trust Inc.;€ 153,38;03.03.2021;Real Estate Investment Trusts
AAC Holdings, Inc.;€ 280,32;23.03.2021;Medical Specialities
Stanley Furniture Company, Inc.;€ 149,81;16.06.2020;Home Furnishings
Johnson Outdoors Inc.;€ 344,99;16.10.2020;Recreational Products/Toys
Portola Pharmaceuticals, Inc.;€ 308,20;07.11.2020;Major Pharmaceuticals
Nuveen High Income December 2019 Target Term Fund;€ 352,02;05.07.2020;n/a
Public Storage;€ 372,62;14.05.2020;Real Estate Investment Trusts
PrivateBancorp, Inc.;€ 192,07;17.06.2020;Major Banks
AquaBounty Technologies, Inc.;€ 167,76;03.01.2021;n/a
Kohl's Corporation;€ 162,88;25.03.2021;Department/Specialty Retail Stores
Denbury Resources Inc.;€ 269,17;26.09.2020;Oil & Gas Production
Reliv' International, Inc.;€ 405,68;10.03.2021;Major Pharmaceuticals
Express Scripts Holding Company;€ 376,56;09.06.2020;Medical/Nursing Services
Credit Acceptance Corporation;€ 256,79;09.02.2021;Finance: Consumer Services
America Movil, S.A.B. de C.V.;€ 558,51;09.02.2021;Telecommunications Equipment
Gabelli Convertible and Income Securities Fund, Inc. (The);€ 119,13;06.09.2020;n/a
Manulife Financial Corp;€ 100,54;21.06.2020;Life Insurance
Eaton Vance Tax-Managed Buy-Write Income Fund;€ 290,83;24.10.2020;n/a
Galmed Pharmaceuticals Ltd.;€ 375,37;29.11.2020;Major Pharmaceuticals
Luxoft Holding, Inc.;€ 127,69;26.08.2020;EDP Services
Korea Electric Power Corporation;€ 434,64;05.06.2020;Electric Utilities: Central
TCP Capital Corp.;€ 286,50;23.11.2020;n/a
NVIDIA Corporation;€ 315,52;07.03.2021;Semiconductors
Stein Mart, Inc.;€ 564,28;01.07.2020;Clothing/Shoe/Accessory Stores
Sage Therapeutics, Inc.;€ 359,88;30.10.2020;Major Pharmaceuticals
Ominto, Inc.;€ 592,00;25.08.2020;Business Services
Community First Bancshares, Inc.;€ 62,31;30.12.2020;n/a
Tribune Media Company;€ 147,40;01.09.2020;Broadcasting
Templeton Dragon Fund, Inc.;€ 254,72;06.11.2020;n/a
iShares Nasdaq Biotechnology Index Fund;€ 93,83;01.10.2020;n/a
Whirlpool Corporation;€ 239,29;25.10.2020;Consumer Electronics/Appliances
The Organics ETF;€ 528,36;03.01.2021;n/a
Pershing Gold Corporation;€ 321,29;24.03.2021;Precious Metals
Penn National Gaming, Inc.;€ 452,75;04.11.2020;Hotels/Resorts
First Trust Mid Cap Value AlphaDEX Fund;€ 301,37;18.10.2020;n/a
SPS Commerce, Inc.;€ 200,61;03.08.2020;Computer Software: Prepackaged Software
Yangtze River Development Limited;€ 285,61;02.11.2020;Real Estate
National Bank Holdings Corporation;€ 504,62;25.11.2020;Major Banks
ServisFirst Bancshares, Inc.;€ 192,63;10.10.2020;Major Banks
Scudder Strategic Municiple Income Trust;€ 105,91;09.12.2020;n/a
North American Energy Partners, Inc.;€ 232,04;14.10.2020;Oilfield Services/Equipment
Webster Financial Corporation;€ 356,97;05.10.2020;Major Banks
Citigroup Inc.;€ 168,02;02.11.2020;Major Banks
SandRidge Mississippian Trust I;€ 216,35;21.04.2021;Oil & Gas Production
First Midwest Bancorp, Inc.;€ 398,50;17.07.2020;Major Banks
Omega Healthcare Investors, Inc.;€ 278,03;14.03.2021;Real Estate Investment Trusts
Spark Therapeutics, Inc.;€ 586,63;24.04.2021;Biotechnology: Biological Products (No Diagnostic Substances)
Freightcar America, Inc.;€ 489,44;02.08.2020;Railroads
Crown Crafts, Inc.;€ 392,30;11.08.2020;Textiles
Anthem, Inc.;€ 304,84;03.01.2021;Medical Specialities
Federal Agricultural Mortgage Corporation;€ 314,13;05.08.2020;n/a
ATA Inc.;€ 521,03;02.08.2020;Other Consumer Services
Washington Federal, Inc.;€ 168,88;31.08.2020;Major Banks
Entravision Communications Corporation;€ 541,70;13.06.2020;Broadcasting
BioAmber Inc.;€ 413,74;13.04.2021;Major Chemicals
Seanergy Maritime Holdings Corp;€ 125,29;14.10.2020;Marine Transportation
Fiesta Restaurant Group, Inc.;€ 492,14;13.11.2020;Restaurants
Iridium Communications Inc;€ 76,98;21.03.2021;Telecommunications Equipment
Reading International Inc;€ 250,67;21.04.2021;Movies/Entertainment
Dreyfus Strategic Municipals, Inc.;€ 493,73;30.03.2021;n/a
Rand Capital Corporation;€ 248,88;09.11.2020;n/a
Ionis Pharmaceuticals, Inc.;€ 467,92;05.03.2021;Major Pharmaceuticals
SPS Commerce, Inc.;€ 106,63;11.04.2021;Computer Software: Prepackaged Software
Las Vegas Sands Corp.;€ 411,19;11.10.2020;Hotels/Resorts
Kforce, Inc.;€ 301,23;09.06.2020;Professional Services
Streamline Health Solutions, Inc.;€ 206,56;22.12.2020;EDP Services
Intrexon Corporation;€ 427,71;26.01.2021;Biotechnology: Commercial Physical & Biological Resarch
Acuity Brands Inc;€ 569,60;26.12.2020;Building Products
PowerShares FTSE International Low Beta Equal Weight Portfolio;€ 297,34;01.12.2020;n/a
Ambarella, Inc.;€ 437,71;18.05.2020;Semiconductors
PowerShares DWA Momentum & Low Volatility Rotation Portfolio;€ 166,65;15.03.2021;n/a
Caleres, Inc.;€ 365,95;29.05.2020;Shoe Manufacturing
KeyCorp;€ 478,95;31.07.2020;n/a
Seaspan Corporation;€ 520,51;07.12.2020;n/a
Surmodics, Inc.;€ 589,91;03.06.2020;Medical/Dental Instruments
Mattel, Inc.;€ 191,78;09.02.2021;Recreational Products/Toys
Vantiv, Inc.;€ 151,77;21.04.2021;Business Services
Centrais Electricas Brasileiras S.A.- Eletrobras;€ 257,13;30.04.2021;Electric Utilities: Central
Hudson Pacific Properties, Inc.;€ 407,89;02.05.2020;Real Estate
Liquidity Services, Inc.;€ 486,41;26.02.2021;Business Services
Galmed Pharmaceuticals Ltd.;€ 134,98;11.07.2020;Major Pharmaceuticals
Key Tronic Corporation;€ 440,84;02.05.2020;Computer peripheral equipment
Freightcar America, Inc.;€ 301,40;12.12.2020;Railroads
Century Casinos, Inc.;€ 424,19;28.04.2021;Hotels/Resorts
Dominion Diamond Corporation;€ 242,15;05.05.2020;Precious Metals
ARMOUR Residential REIT, Inc.;€ 220,96;26.02.2021;n/a
iShares Commodities Select Strategy ETF;€ 161,60;27.11.2020;n/a
Model N, Inc.;€ 312,24;14.07.2020;Computer Software: Programming, Data Processing
Safeguard Scientifics, Inc.;€ 580,73;21.01.2021;Finance/Investors Services
Public Storage;€ 294,72;07.01.2021;Real Estate Investment Trusts
iStar Financial Inc.;€ 348,72;15.08.2020;Real Estate Investment Trusts
Weis Markets, Inc.;€ 303,13;26.12.2020;Food Chains
Canadian National Railway Company;€ 445,50;06.12.2020;Railroads
SP Plus Corporation;€ 544,91;22.05.2020;Rental/Leasing Companies
Teekay Tankers Ltd.;€ 479,48;03.03.2021;Marine Transportation
European Equity Fund, Inc. (The);€ 55,34;07.06.2020;n/a
Weight Watchers International Inc;€ 487,90;29.07.2020;Other Consumer Services
Tennessee Valley Authority;€ 151,27;04.02.2021;Electric Utilities: Central
Hamilton Bancorp, Inc.;€ 565,25;24.07.2020;Savings Institutions
Enbridge Inc;€ 356,16;02.11.2020;Natural Gas Distribution
PNC Financial Services Group, Inc. (The);€ 467,08;16.09.2020;Major Banks
AXT Inc;€ 456,33;17.03.2021;Semiconductors
Becton, Dickinson and Company;€ 414,28;02.09.2020;Medical/Dental Instruments
Southwestern Energy Company;€ 544,55;31.12.2020;Oil & Gas Production
Accelerate Diagnostics, Inc.;€ 442,51;02.01.2021;Biotechnology: Laboratory Analytical Instruments
Canadian Pacific Railway Limited;€ 328,74;31.05.2020;Railroads
Apollo Investment Corporation;€ 133,28;07.10.2020;n/a
CommerceHub, Inc.;€ 328,96;12.06.2020;Computer Software: Prepackaged Software
NetSol Technologies Inc.;€ 496,77;15.07.2020;Computer Software: Prepackaged Software
Advaxis, Inc.;€ 287,87;11.10.2020;Major Pharmaceuticals
MFS Municipal Income Trust;€ 58,75;09.07.2020;n/a
Telefonica SA;€ 60,83;26.06.2020;Telecommunications Equipment
iShares MSCI ACWI Index Fund;€ 211,29;12.04.2021;n/a
Principal Real Estate Income Fund;€ 477,79;22.03.2021;n/a
ABB Ltd;€ 442,91;26.02.2021;Electrical Products
Teradyne, Inc.;€ 550,35;22.03.2021;Electrical Products
Employers Holdings Inc;€ 501,81;15.01.2021;Property-Casualty Insurers
Humana Inc.;€ 273,84;15.05.2020;Medical Specialities
Fiat Chrysler Automobiles N.V.;€ 328,55;09.03.2021;Auto Manufacturing
PerkinElmer, Inc.;€ 149,36;07.10.2020;Biotechnology: Laboratory Analytical Instruments
Liquidity Services, Inc.;€ 262,76;27.10.2020;Business Services
WisdomTree Emerging Markets Quality Dividend Growth Fund;€ 573,78;15.03.2021;n/a
Rowan Companies plc;€ 262,25;16.12.2020;Oil & Gas Production
WEX Inc.;€ 329,62;23.10.2020;Business Services
Daktronics, Inc.;€ 437,25;06.07.2020;Miscellaneous manufacturing industries
Atossa Genetics Inc.;€ 60,35;23.07.2020;Medical/Dental Instruments
Warrior Met Coal, Inc.;€ 293,06;07.01.2021;Coal Mining
My Size, Inc.;€ 450,92;19.03.2021;Computer Software: Prepackaged Software
STRATS Trust;€ 549,68;20.09.2020;Finance: Consumer Services
M I Acquisitions, Inc.;€ 553,02;05.05.2020;n/a
Precision Drilling Corporation;€ 446,60;26.09.2020;Oil & Gas Production
Orchid Island Capital, Inc.;€ 344,09;07.02.2021;Real Estate Investment Trusts
Abeona Therapeutics Inc.;€ 138,05;24.08.2020;Major Pharmaceuticals
PIMCO Strategic Income Fund, Inc.;€ 494,03;19.04.2021;n/a
Legg Mason BW Global Income Opportunities Fund Inc.;€ 118,00;16.05.2020;n/a
PIMCO Commercial Mortgage Securities Trust, Inc.;€ 124,09;12.04.2021;n/a
First Financial Bankshares, Inc.;€ 248,72;01.12.2020;Major Banks
Vornado Realty Trust;€ 177,65;13.03.2021;Real Estate Investment Trusts
Synopsys, Inc.;€ 588,48;29.04.2021;Computer Software: Prepackaged Software
Avnet, Inc.;€ 553,14;21.11.2020;Electronic Components
Pembina Pipeline Corp.;€ 68,67;04.12.2020;Oil & Gas Production
PowerShares DWA NASDAQ Momentum Portfolio;€ 170,43;10.01.2021;n/a
Mid-America Apartment Communities, Inc.;€ 459,57;07.10.2020;Real Estate Investment Trusts
Spok Holdings, Inc.;€ 331,19;10.08.2020;Telecommunications Equipment
Arena Pharmaceuticals, Inc.;€ 58,61;28.03.2021;Major Pharmaceuticals
Under Armour, Inc.;€ 126,29;20.09.2020;Apparel
Stone Energy Corporation;€ 288,93;12.12.2020;Oil & Gas Production
Nova Measuring Instruments Ltd.;€ 72,11;24.08.2020;Electronic Components
Silver Spring Networks, Inc.;€ 120,51;02.10.2020;Computer Communications Equipment
Middlefield Banc Corp.;€ 442,93;10.09.2020;Major Banks
Regency Centers Corporation;€ 70,03;01.11.2020;Real Estate Investment Trusts
PIMCO Municipal Income Fund;€ 469,59;03.07.2020;n/a
Tantech Holdings Ltd.;€ 104,46;24.08.2020;Major Chemicals
John Hancock Investors Trust;€ 231,54;09.01.2021;n/a
Dominion Energy, Inc.;€ 194,75;10.01.2021;Electric Utilities: Central
Commerce Union Bancshares, Inc.;€ 79,16;23.04.2021;n/a
Agilysys, Inc.;€ 174,22;02.06.2020;EDP Services
Sunshine Bancorp, Inc.;€ 67,85;26.05.2020;Savings Institutions
Alexandria Real Estate Equities, Inc.;€ 557,83;15.10.2020;Real Estate Investment Trusts
Diebold Nixdorf Incorporated;€ 529,05;01.09.2020;Office Equipment/Supplies/Services
iShares FTSE EPRA/NAREIT Global Real Estate ex-U.S. Index Fund;€ 440,83;23.06.2020;n/a
Altisource Residential Corporation;€ 521,06;28.05.2020;Real Estate
Tekla World Healthcare Fund;€ 579,21;01.05.2021;n/a
Electro-Sensors, Inc.;€ 90,70;23.02.2021;Industrial Machinery/Components
ZAGG Inc;€ 277,10;05.01.2021;Other Specialty Stores
Old Dominion Freight Line, Inc.;€ 539,26;07.05.2020;Trucking Freight/Courier Services
Horizon Bancorp (IN);€ 346,97;28.07.2020;Major Banks
Synalloy Corporation;€ 417,33;24.02.2021;Steel/Iron Ore
Akebia Therapeutics, Inc.;€ 114,30;18.04.2021;Major Pharmaceuticals
Facebook, Inc.;€ 129,75;03.10.2020;Computer Software: Programming, Data Processing
Discovery Communications, Inc.;€ 550,29;18.03.2021;Television Services
Washington Real Estate Investment Trust;€ 554,39;29.03.2021;n/a
Universal Corporation;€ 281,30;07.02.2021;Farming/Seeds/Milling
Cadiz, Inc.;€ 454,03;04.01.2021;Water Supply
Gramercy Property Trust Inc.;€ 377,04;26.07.2020;n/a
Norbord Inc.;€ 550,71;19.01.2021;Forest Products
Jamba, Inc.;€ 204,83;28.01.2021;Restaurants
Taylor Morrison Home Corporation;€ 101,49;22.02.2021;Homebuilding
NetScout Systems, Inc.;€ 486,23;04.10.2020;EDP Services
Noble Energy Inc.;€ 568,08;05.01.2021;Oil & Gas Production
MMA Capital Management, LLC;€ 129,16;16.12.2020;Real Estate
Nomura Holdings Inc ADR;€ 102,92;20.10.2020;Investment Bankers/Brokers/Service
FIRST REPUBLIC BANK;€ 580,11;04.05.2020;n/a
Entergy Louisiana, Inc.;€ 311,61;15.05.2020;Electric Utilities: Central
MS Income Securities, Inc.;€ 306,65;04.10.2020;n/a
Jupai Holdings Limited;€ 317,12;12.02.2021;Other Consumer Services
Bassett Furniture Industries, Incorporated;€ 111,89;19.04.2021;Home Furnishings
Agilent Technologies, Inc.;€ 375,45;10.06.2020;Biotechnology: Laboratory Analytical Instruments
First Trust Switzerland AlphaDEX Fund;€ 338,99;25.12.2020;n/a
Alexander's, Inc.;€ 477,84;15.03.2021;Real Estate Investment Trusts
Bristol-Myers Squibb Company;€ 594,58;31.10.2020;Major Pharmaceuticals
Chesapeake Lodging Trust;€ 447,03;03.10.2020;n/a
QCR Holdings, Inc.;€ 161,40;08.07.2020;Major Banks
Select Income REIT;€ 346,96;11.03.2021;Real Estate Investment Trusts
Fluidigm Corporation;€ 211,94;02.09.2020;Biotechnology: Laboratory Analytical Instruments
CNO Financial Group, Inc.;€ 392,83;20.06.2020;Accident &Health Insurance
WisdomTree Emerging Markets Quality Dividend Growth Fund;€ 538,47;03.08.2020;n/a
Long Island Iced Tea Corp.;€ 299,08;11.11.2020;Beverages (Production/Distribution)
Pain Therapeutics, Inc.;€ 360,48;16.08.2020;Major Pharmaceuticals
General Mills, Inc.;€ 549,95;10.08.2020;Packaged Foods
Yamana Gold Inc.;€ 298,96;06.07.2020;Precious Metals
Illinois Tool Works Inc.;€ 116,37;21.12.2020;Industrial Machinery/Components
Sequans Communications S.A.;€ 513,95;08.12.2020;Semiconductors
Capitala Finance Corp.;€ 409,70;15.04.2021;n/a
Civeo Corporation;€ 181,68;12.04.2021;Hotels/Resorts
Transcat, Inc.;€ 595,91;19.01.2021;Electrical Products
LEAP THERAPEUTICS, INC.;€ 505,98;26.03.2021;Biotechnology: Biological Products (No Diagnostic Substances)
Ampco-Pittsburgh Corporation;€ 321,64;06.08.2020;Fluid Controls
Chuy's Holdings, Inc.;€ 343,59;26.05.2020;Restaurants
Sundance Energy Australia Limited;€ 77,88;20.09.2020;Oil & Gas Production
NGL ENERGY PARTNERS LP;€ 374,80;16.06.2020;Oil Refining/Marketing
Fortive Corporation;€ 456,46;30.03.2021;Industrial Machinery/Components
Pacific Gas & Electric Co.;€ 503,49;03.08.2020;Power Generation
HealthSouth Corporation;€ 323,48;28.04.2021;Hospital/Nursing Management
Adamis Pharmaceuticals Corporation;€ 164,01;26.03.2021;Major Pharmaceuticals
SunTrust Banks, Inc.;€ 354,70;09.05.2020;n/a
Heartland Express, Inc.;€ 596,46;15.12.2020;Trucking Freight/Courier Services
Century Communities, Inc.;€ 303,65;26.11.2020;Homebuilding
First Trust Strategic High Income Fund II;€ 578,00;21.02.2021;n/a
Atlantic Coast Financial Corporation;€ 382,29;12.07.2020;Savings Institutions
Kamada Ltd.;€ 148,23;01.05.2021;Major Pharmaceuticals
PolyOne Corporation;€ 549,92;13.05.2020;Major Chemicals
Stifel Financial Corporation;€ 373,32;18.02.2021;Investment Bankers/Brokers/Service
Nexvet Biopharma plc;€ 260,23;19.05.2020;Major Pharmaceuticals
Fiserv, Inc.;€ 279,68;30.11.2020;EDP Services
Home Depot, Inc. (The);€ 120,18;12.10.2020;RETAIL: Building Materials
Videocon d2h Limited;€ 312,53;21.08.2020;Television Services
Howard Hughes Corporation (The);€ 577,42;13.05.2020;Real Estate Investment Trusts
Delphi Automotive plc;€ 597,95;18.04.2021;Auto Parts:O.E.M.
Isramco, Inc.;€ 486,37;23.09.2020;Oil & Gas Production
Public Storage;€ 501,92;03.12.2020;Real Estate Investment Trusts
DigitalGlobe, Inc;€ 117,53;08.06.2020;Telecommunications Equipment
Accenture plc;€ 312,10;30.10.2020;Business Services
United Therapeutics Corporation;€ 69,95;29.03.2021;Major Pharmaceuticals
Navient Corporation;€ 354,46;05.06.2020;Investment Bankers/Brokers/Service
PowerShares High Yield Equity Dividend Achievers Portfolio;€ 333,60;10.10.2020;n/a
Martin Midstream Partners L.P.;€ 57,16;28.11.2020;Oil Refining/Marketing
KLX Inc.;€ 275,77;05.08.2020;Aerospace
Denbury Resources Inc.;€ 250,15;30.06.2020;Oil & Gas Production
Syngenta AG;€ 530,81;24.08.2020;Agricultural Chemicals
Donegal Group, Inc.;€ 520,06;13.12.2020;Property-Casualty Insurers
Synchronoss Technologies, Inc.;€ 354,00;18.06.2020;EDP Services
Hingham Institution for Savings;€ 74,44;11.07.2020;n/a
State National Companies, Inc.;€ 99,48;18.01.2021;Property-Casualty Insurers
PolyOne Corporation;€ 226,51;02.05.2020;Major Chemicals
AllianzGI NFJ Dividend, Interest & Premium Strategy Fund;€ 538,50;25.04.2021;Finance: Consumer Services
Brasilagro Cia Brasileira De Propriedades Agricolas;€ 96,87;01.12.2020;n/a
Inpixon ;€ 62,27;03.05.2020;EDP Services
Upland Software, Inc.;€ 133,12;13.12.2020;Computer Software: Prepackaged Software
United Natural Foods, Inc.;€ 474,11;16.06.2020;Food Distributors
Comcast Corporation;€ 154,35;15.01.2021;Television Services
Cedar Realty Trust, Inc.;€ 417,37;04.11.2020;Real Estate Investment Trusts
PowerShares DWA Consumer Staples Momentum Portfolio;€ 531,35;09.01.2021;n/a
Qwest Corporation;€ 568,62;25.10.2020;Telecommunications Equipment
Xerox Corporation;€ 573,75;28.04.2021;Business Services
IES Holdings, Inc.;€ 285,28;27.03.2021;Engineering & Construction
Bravo Brio Restaurant Group, Inc.;€ 304,87;20.12.2020;Restaurants
Forestar Group Inc;€ 273,67;19.09.2020;Real Estate
Nuveen California Municipal Value Fund 2;€ 421,30;26.03.2021;n/a
Laboratory Corporation of America Holdings;€ 272,28;13.10.2020;Medical Specialities
Antares Pharma, Inc.;€ 432,25;15.07.2020;Medical/Dental Instruments
Guidewire Software, Inc.;€ 412,14;04.01.2021;Computer Software: Prepackaged Software
ArQule, Inc.;€ 158,61;21.10.2020;Major Pharmaceuticals
Lehman ABS Corporation;€ 519,65;11.04.2021;Finance: Consumer Services
Biostar Pharmaceuticals, Inc.;€ 309,25;06.06.2020;Major Pharmaceuticals
Public Storage;€ 455,63;17.10.2020;Real Estate Investment Trusts
Skyworks Solutions, Inc.;€ 279,31;14.08.2020;Semiconductors
Scripps Networks Interactive, Inc;€ 270,58;05.11.2020;Television Services
PowerShares DWA Basic Materials Momentum Portfolio;€ 506,78;19.04.2021;n/a
Tortoise Power and Energy Infrastructure Fund, Inc;€ 467,97;03.02.2021;n/a
Origo Acquisition Corporation;€ 591,27;22.10.2020;Business Services
Spire Inc.;€ 564,90;01.08.2020;Oil/Gas Transmission
Soligenix, Inc.;€ 490,76;15.12.2020;Major Pharmaceuticals
Johnson Controls International plc;€ 353,11;15.06.2020;Other Consumer Services
Perma-Pipe International Holdings, Inc.;€ 224,64;07.09.2020;Pollution Control Equipment
iShares Nasdaq Biotechnology Index Fund;€ 374,10;08.02.2021;n/a
Jacobs Engineering Group Inc.;€ 374,16;10.04.2021;Military/Government/Technical
Eco-Stim Energy Solutions, Inc.;€ 506,63;30.04.2021;Oilfield Services/Equipment
Northwest Bancshares, Inc.;€ 590,37;31.10.2020;Major Banks
Regions Financial Corporation;€ 81,66;09.01.2021;Major Banks
ChromaDex Corporation;€ 377,73;26.11.2020;Specialty Chemicals
Blackrock New York Municipal Bond Trust;€ 102,67;27.04.2021;n/a
B.O.S. Better Online Solutions;€ 194,91;02.12.2020;Computer Communications Equipment
Protective Life Corporation;€ 204,84;20.10.2020;n/a
Patheon N.V.;€ 207,67;13.10.2020;Major Pharmaceuticals
Franklin Financial Network, Inc.;€ 243,08;09.12.2020;Major Banks
Cresud S.A.C.I.F. y A.;€ 94,40;05.12.2020;Real Estate
SS&C Technologies Holdings, Inc.;€ 175,75;26.03.2021;Computer Software: Prepackaged Software
Sonoma Pharmaceuticals, Inc.;€ 362,27;12.11.2020;Major Pharmaceuticals
Easterly Acquisition Corp.;€ 219,13;12.08.2020;Building Products
Federal Realty Investment Trust;€ 102,78;26.02.2021;Real Estate Investment Trusts
Amkor Technology, Inc.;€ 82,38;15.06.2020;Semiconductors
Monroe Capital Corporation;€ 380,39;31.12.2020;n/a
Weingarten Realty Investors;€ 527,84;12.05.2020;Real Estate Investment Trusts
DDR Corp.;€ 119,51;15.04.2021;Real Estate Investment Trusts
China Recycling Energy Corporation;€ 301,34;31.07.2020;Business Services
Amgen Inc.;€ 494,84;15.03.2021;Biotechnology: Biological Products (No Diagnostic Substances)
Aegon NV;€ 152,33;30.05.2020;Life Insurance
Marten Transport, Ltd.;€ 494,48;14.03.2021;Trucking Freight/Courier Services
Stratus Properties Inc.;€ 365,23;23.09.2020;Homebuilding
Gorman-Rupp Company (The);€ 504,20;05.07.2020;Fluid Controls
Hill International, Inc.;€ 115,91;26.06.2020;Military/Government/Technical
PowerShares FTSE International Low Beta Equal Weight Portfolio;€ 293,33;26.09.2020;n/a
Patrick Industries, Inc.;€ 568,80;18.02.2021;Forest Products
Adverum Biotechnologies, Inc.;€ 449,55;22.08.2020;Biotechnology: Biological Products (No Diagnostic Substances)
NCR Corporation;€ 181,09;30.08.2020;Office Equipment/Supplies/Services
Partner Communications Company Ltd.;€ 135,93;16.11.2020;Telecommunications Equipment
Eyegate Pharmaceuticals, Inc.;€ 117,33;20.03.2021;Major Pharmaceuticals
Pacific Mercantile Bancorp;€ 145,21;13.01.2021;Major Banks
Purefunds Solactive FinTech ETF;€ 146,08;06.12.2020;n/a
First Trust NASDAQ-100 Ex-Technology Sector Index Fund;€ 407,86;22.12.2020;n/a
C.H. Robinson Worldwide, Inc.;€ 339,92;09.01.2021;Oil Refining/Marketing
Brookfield Property Partners L.P.;€ 256,82;05.01.2021;Real Estate
NextEra Energy, Inc.;€ 405,57;29.07.2020;n/a
Westwood Holdings Group Inc;€ 568,05;19.08.2020;Investment Managers
SMTC Corporation;€ 88,87;23.03.2021;Electrical Products
Wintrust Financial Corporation;€ 398,60;23.11.2020;Major Banks
Stamps.com Inc.;€ 145,60;18.08.2020;Business Services
Briggs & Stratton Corporation;€ 542,79;07.05.2020;Industrial Machinery/Components
Pointer Telocation Ltd.;€ 175,08;01.08.2020;Radio And Television Broadcasting And Communications Equipment
PBF Logistics LP;€ 426,01;21.11.2020;Natural Gas Distribution
Seacoast Banking Corporation of Florida;€ 540,70;05.08.2020;Major Banks
Retail Properties of America, Inc.;€ 275,02;11.05.2020;Real Estate Investment Trusts
The Medicines Company;€ 563,35;27.12.2020;Major Pharmaceuticals
VictoryShares Developed Enhanced Volatility Wtd ETF;€ 354,36;12.02.2021;n/a
Concurrent Computer Corporation;€ 155,64;18.06.2020;Computer Manufacturing
Thomson Reuters Corp;€ 95,11;16.11.2020;Publishing
CBS Corporation;€ 72,88;16.10.2020;Broadcasting
Amec Plc Ord;€ 371,79;28.09.2020;Military/Government/Technical
Fibrocell Science Inc;€ 473,43;19.11.2020;Major Pharmaceuticals
Royal Bank Of Canada;€ 123,84;12.01.2021;n/a
Royce Global Value Trust, Inc.;€ 94,92;28.03.2021;n/a
W.R. Grace & Co.;€ 253,97;27.12.2020;Major Chemicals
TIM Participacoes S.A.;€ 498,60;10.03.2021;Telecommunications Equipment
Entergy New Orleans, Inc.;€ 167,24;11.04.2021;Power Generation
CF Industries Holdings, Inc.;€ 378,20;27.05.2020;Agricultural Chemicals
Vista Outdoor Inc.;€ 569,08;19.09.2020;Ordnance And Accessories
Blackrock MuniHoldings Fund, Inc.;€ 198,22;10.01.2021;n/a
Novartis AG;€ 564,46;17.04.2021;Major Pharmaceuticals
58.com Inc.;€ 78,16;14.03.2021;Computer Software: Programming, Data Processing
Prologis, Inc.;€ 185,92;29.08.2020;Real Estate Investment Trusts
Public Storage;€ 295,93;04.09.2020;Real Estate Investment Trusts
Holly Energy Partners, L.P.;€ 264,30;24.12.2020;Natural Gas Distribution
Hess Corporation;€ 439,44;21.08.2020;n/a
Xerox Corporation;€ 167,51;05.02.2021;Business Services
ClearBridge Energy MLP Opportunity Fund Inc.;€ 277,70;10.05.2020;n/a
FBL Financial Group, Inc.;€ 511,22;19.08.2020;Life Insurance
Verifone Systems, Inc.;€ 419,69;17.10.2020;Office Equipment/Supplies/Services
National Retail Properties;€ 479,45;05.07.2020;Real Estate Investment Trusts
Snyder's-Lance, Inc.;€ 122,11;08.02.2021;Specialty Foods
HCP, Inc.;€ 590,43;30.08.2020;Real Estate Investment Trusts
Marathon Oil Corporation;€ 173,07;20.12.2020;Oil & Gas Production
CNO Financial Group, Inc.;€ 489,77;23.04.2021;Accident &Health Insurance
Dynegy Inc.;€ 427,34;14.08.2020;Electric Utilities: Central
American Campus Communities Inc;€ 144,30;22.07.2020;Real Estate Investment Trusts
Vanguard Intermediate -Term Government Bond ETF;€ 348,87;24.01.2021;n/a
General Mills, Inc.;€ 68,80;23.01.2021;Packaged Foods
First Trust NASDAQ Clean Edge Green Energy Index Fund;€ 525,00;24.04.2021;n/a
Aduro Biotech, Inc.;€ 570,13;11.04.2021;Major Pharmaceuticals
Electro-Sensors, Inc.;€ 92,71;04.11.2020;Industrial Machinery/Components
Meridian Bioscience Inc.;€ 320,34;24.09.2020;Biotechnology: In Vitro & In Vivo Diagnostic Substances
Panhandle Royalty Company;€ 194,92;22.06.2020;Oil & Gas Production
Handy & Harman Ltd.;€ 117,61;03.02.2021;Industrial Specialties
Northern Trust Corporation;€ 309,28;26.05.2020;Major Banks
iFresh Inc.;€ 347,32;13.07.2020;Food Chains
Western Asset Managed Municipals Fund, Inc.;€ 573,67;23.09.2020;n/a
Peapack-Gladstone Financial Corporation;€ 589,69;29.11.2020;Commercial Banks
PowerShares BuyBack Achievers Portfolio;€ 432,65;31.10.2020;n/a
Omeros Corporation;€ 185,43;10.05.2020;Major Pharmaceuticals
AmTrust Financial Services, Inc.;€ 56,54;26.12.2020;n/a
Boulevard Acquisition Corp. II;€ 365,25;14.04.2021;Business Services
MS Structured Asset Corp Saturns GE Cap Corp Series 2002-14;€ 506,32;15.01.2021;Finance: Consumer Services
Sally Beauty Holdings, Inc.;€ 581,77;30.09.2020;Other Specialty Stores
Gridsum Holding Inc.;€ 116,50;20.12.2020;Computer Software: Prepackaged Software
First Trust Small Cap Growth AlphaDEX Fund;€ 563,27;18.01.2021;n/a
Ark Restaurants Corp.;€ 363,96;02.03.2021;Restaurants
WisdomTree Western Asset Unconstrained Bond Fund;€ 103,66;06.06.2020;n/a
Fidelity Nasdaq Composite Index Tracking Stock;€ 442,68;05.09.2020;n/a
Vermillion, Inc.;€ 405,09;01.06.2020;Biotechnology: In Vitro & In Vivo Diagnostic Substances
Silver Run Acquisition Corporation II;€ 74,20;13.08.2020;Business Services
GasLog LP.;€ 73,24;16.05.2020;Marine Transportation
W.R. Grace & Co.;€ 238,02;13.09.2020;Major Chemicals
Royal Bank Of Canada;€ 267,21;29.03.2021;n/a
Athenex, Inc.;€ 564,56;07.03.2021;n/a
Northwest Natural Gas Company;€ 417,59;11.01.2021;Oil/Gas Transmission
Plug Power, Inc.;€ 564,02;29.12.2020;Industrial Machinery/Components
Era Group, Inc.;€ 443,14;25.11.2020;Transportation Services
RF Industries, Ltd.;€ 498,66;23.08.2020;Electrical Products
First Community Corporation;€ 197,06;20.12.2020;Major Banks
Davis Select Worldwide ETF;€ 221,76;18.09.2020;n/a
Murphy USA Inc.;€ 239,66;07.03.2021;Automotive Aftermarket
Cohen & Steers Total Return Realty Fund, Inc.;€ 400,29;20.02.2021;n/a
MFA Financial, Inc.;€ 409,23;14.04.2021;Real Estate Investment Trusts
Banco De Chile;€ 311,42;08.11.2020;Commercial Banks
Sensus Healthcare, Inc.;€ 343,89;08.11.2020;Medical/Dental Instruments
Rayonier Advanced Materials Inc.;€ 259,97;10.03.2021;Major Chemicals
First Acceptance Corporation;€ 104,86;22.09.2020;Property-Casualty Insurers
Tesoro Corporation;€ 403,63;18.06.2020;Integrated oil Companies
Blackrock MuniYield Fund, Inc.;€ 51,62;11.09.2020;n/a
General Electric Company;€ 186,69;12.06.2020;Consumer Electronics/Appliances
HSBC Holdings plc;€ 477,04;11.07.2020;Savings Institutions
Oppenheimer Holdings, Inc.;€ 459,90;09.10.2020;Investment Bankers/Brokers/Service
Grupo Financiero Santander Mexico S.A. B. de C.V.;€ 420,13;01.08.2020;Commercial Banks
Colony Starwood Homes;€ 231,11;21.01.2021;Real Estate Investment Trusts
DoubleLine Opportunistic Credit Fund;€ 594,81;14.10.2020;n/a
Gladstone Land Corporation;€ 350,67;04.09.2020;Real Estate Investment Trusts
Dominion Energy, Inc.;€ 107,57;04.06.2020;Electric Utilities: Central
Wright Medical Group N.V.;€ 551,63;21.10.2020;Industrial Specialties
Jernigan Capital, Inc.;€ 99,50;15.07.2020;Real Estate Investment Trusts
ENI S.p.A.;€ 367,82;25.07.2020;Oil & Gas Production
Summit Hotel Properties, Inc.;€ 429,73;10.01.2021;n/a
Barclays Inverse US Treasury Composite ETN;€ 474,11;28.12.2020;Commercial Banks
BorgWarner Inc.;€ 236,86;31.07.2020;Auto Parts:O.E.M.
ClearBridge Energy MLP Opportunity Fund Inc.;€ 297,62;27.03.2021;n/a
First Trust Emerging Markets AlphaDEX Fund;€ 209,45;26.04.2021;n/a
Heritage Financial Corporation;€ 582,27;22.03.2021;Banks
Lakeland Financial Corporation;€ 71,25;09.11.2020;Major Banks
Alpine Global Premier Properties Fund;€ 491,02;12.02.2021;n/a
Jumei International Holding Limited;€ 328,85;03.12.2020;Other Specialty Stores
VelocityShares Daily 2x VIX Medium-Term ETN;€ 50,55;22.05.2020;Investment Bankers/Brokers/Service
Diebold Nixdorf Incorporated;€ 80,99;26.05.2020;Office Equipment/Supplies/Services
TheStreet, Inc.;€ 527,93;25.07.2020;Newspapers/Magazines
Aerohive Networks, Inc.;€ 120,74;06.07.2020;EDP Services
Gabelli Utility Trust (The);€ 101,08;03.03.2021;n/a
Skyline Medical Inc.;€ 110,83;16.03.2021;Industrial Specialties
Westlake Chemical Partners LP;€ 206,50;06.07.2020;Major Chemicals
Colony Bankcorp, Inc.;€ 377,79;05.01.2021;Major Banks
Jernigan Capital, Inc.;€ 113,42;04.12.2020;Real Estate Investment Trusts
Hanwha Q CELLS Co., Ltd. ;€ 114,77;16.06.2020;Semiconductors
Kilroy Realty Corporation;€ 540,88;23.07.2020;Real Estate Investment Trusts
SeaChange International, Inc.;€ 545,03;26.03.2021;Radio And Television Broadcasting And Communications Equipment
PIMCO Income Strategy Fund II;€ 465,61;29.07.2020;n/a
Invacare Corporation;€ 125,04;27.07.2020;Industrial Specialties
Astec Industries, Inc.;€ 177,69;15.07.2020;Construction/Ag Equipment/Trucks
PetroChina Company Limited;€ 263,01;07.08.2020;Oil & Gas Production
Acuity Brands Inc;€ 540,95;08.10.2020;Building Products
Aflac Incorporated;€ 401,51;19.12.2020;Accident &Health Insurance
TAL Education Group;€ 468,93;18.07.2020;Other Consumer Services
McCormick & Company, Incorporated;€ 127,15;01.05.2021;Packaged Foods
Albany Molecular Research, Inc.;€ 455,21;15.06.2020;Biotechnology: Commercial Physical & Biological Resarch
Chegg, Inc.;€ 594,82;29.08.2020;Other Consumer Services
Juniper Networks, Inc.;€ 292,94;28.06.2020;Computer Communications Equipment
Biocept, Inc.;€ 290,31;16.12.2020;Medical Specialities
Lancaster Colony Corporation;€ 532,05;11.12.2020;Packaged Foods
Merit Medical Systems, Inc.;€ 559,41;09.03.2021;Medical/Dental Instruments
A. Schulman, Inc.;€ 86,66;20.04.2021;Major Chemicals
Sally Beauty Holdings, Inc.;€ 515,46;31.01.2021;Other Specialty Stores
Kayne Anderson Midstream Energy Fund, Inc;€ 446,35;14.09.2020;n/a
STMicroelectronics N.V.;€ 457,28;28.07.2020;Semiconductors
Vanguard Intermediate -Term Government Bond ETF;€ 434,83;30.06.2020;n/a
PDL BioPharma, Inc.;€ 581,83;03.10.2020;Biotechnology: Biological Products (No Diagnostic Substances)
Tech Data Corporation;€ 398,06;03.07.2020;Retail: Computer Software & Peripheral Equipment
Immuron Limited;€ 68,20;27.09.2020;Major Pharmaceuticals
Datawatch Corporation;€ 185,05;21.08.2020;Computer Software: Prepackaged Software
Intercept Pharmaceuticals, Inc.;€ 70,65;16.08.2020;Major Pharmaceuticals
Arlington Asset Investment Corp;€ 345,08;13.10.2020;Finance/Investors Services
BP Prudhoe Bay Royalty Trust;€ 89,01;21.11.2020;Integrated oil Companies
Acorn International, Inc.;€ 343,30;22.12.2020;Other Specialty Stores
Jason Industries, Inc.;€ 457,79;21.08.2020;Miscellaneous manufacturing industries
U.S. Global Investors, Inc.;€ 367,49;06.02.2021;Investment Managers
John Bean Technologies Corporation;€ 494,74;31.07.2020;Industrial Machinery/Components
Adamis Pharmaceuticals Corporation;€ 473,33;26.03.2021;Major Pharmaceuticals
Edge Therapeutics, Inc.;€ 411,66;28.04.2021;Major Pharmaceuticals
Alpine Global Premier Properties Fund;€ 580,81;11.10.2020;n/a
Vornado Realty Trust;€ 291,38;19.08.2020;Real Estate Investment Trusts
Vanguard Russell 2000 Growth ETF;€ 558,01;03.09.2020;n/a
Enel Americas S.A.;€ 121,51;25.03.2021;Electric Utilities: Central
Sinclair Broadcast Group, Inc.;€ 167,34;10.01.2021;Broadcasting
Dreyfus High Yield Strategies Fund;€ 245,17;08.11.2020;n/a
Commercial Vehicle Group, Inc.;€ 244,89;21.11.2020;Auto Parts:O.E.M.
Surmodics, Inc.;€ 462,84;10.10.2020;Medical/Dental Instruments
AK Steel Holding Corporation;€ 278,27;28.01.2021;Steel/Iron Ore
PFSweb, Inc.;€ 390,08;04.03.2021;Business Services
Gulf Resources, Inc.;€ 348,38;19.09.2020;Major Chemicals
JinkoSolar Holding Company Limited;€ 89,29;24.12.2020;Semiconductors
Alliance One International, Inc.;€ 307,24;04.08.2020;Farming/Seeds/Milling
First Community Corporation;€ 334,70;22.02.2021;Major Banks
L3 Technologies, Inc.;€ 113,95;22.11.2020;Radio And Television Broadcasting And Communications Equipment
MTGE Investment Corp.;€ 488,01;30.06.2020;Real Estate Investment Trusts
Royce Value Trust, Inc.;€ 498,17;02.03.2021;n/a
KLX Inc.;€ 178,36;13.03.2021;Aerospace
BroadVision, Inc.;€ 547,74;22.03.2021;Computer Software: Prepackaged Software
Cott Corporation;€ 201,10;03.10.2020;Beverages (Production/Distribution)
Cotiviti Holdings, Inc.;€ 530,79;21.01.2021;Business Services
Public Storage;€ 115,80;18.01.2021;Real Estate Investment Trusts
Aralez Pharmaceuticals Inc.;€ 318,58;27.05.2020;Major Pharmaceuticals
Timken Steel Corporation;€ 589,76;16.07.2020;Steel/Iron Ore
Bed Bath & Beyond Inc.;€ 500,43;28.12.2020;Home Furnishings
iShares Fallen Angels USD Bond ETF;€ 232,91;11.08.2020;n/a
Weight Watchers International Inc;€ 331,46;21.05.2020;Other Consumer Services
Sensus Healthcare, Inc.;€ 355,84;28.04.2021;Medical/Dental Instruments
Bank Of New York Mellon Corporation (The);€ 410,81;18.07.2020;n/a
j2 Global, Inc.;€ 459,36;05.03.2021;Telecommunications Equipment
Kforce, Inc.;€ 278,01;25.01.2021;Professional Services
Till Capital Ltd.;€ 254,61;14.08.2020;Property-Casualty Insurers
ICON plc;€ 137,41;16.02.2021;Biotechnology: Commercial Physical & Biological Resarch
Fusion Telecommunications International, Inc.;€ 501,20;16.10.2020;Computer Software: Prepackaged Software
Chemed Corp.;€ 60,40;02.10.2020;Medical/Nursing Services
Concurrent Computer Corporation;€ 96,86;05.10.2020;Computer Manufacturing
Intellipharmaceutics International Inc.;€ 153,84;04.11.2020;Major Pharmaceuticals
Qwest Corporation;€ 123,27;11.01.2021;Telecommunications Equipment
Hingham Institution for Savings;€ 173,46;08.11.2020;n/a
Pacific Special Acquisition Corp.;€ 231,15;20.01.2021;Business Services
Kronos Worldwide Inc;€ 566,48;14.05.2020;Major Chemicals
AECOM;€ 341,85;23.09.2020;Military/Government/Technical
Southwestern Energy Company;€ 343,15;07.10.2020;Oil & Gas Production
USD Partners LP;€ 395,25;16.01.2021;Railroads
Capital Bank Financial Corp.;€ 492,86;12.10.2020;Major Banks
Amtech Systems, Inc.;€ 223,31;24.02.2021;Industrial Machinery/Components
Getty Realty Corporation;€ 132,44;11.08.2020;Real Estate
Nuveen Core Equity Alpha Fund;€ 208,49;21.02.2021;n/a
Xenetic Biosciences, Inc.;€ 471,64;25.11.2020;Major Pharmaceuticals
Level 3 Communications, Inc.;€ 153,52;11.08.2020;Telecommunications Equipment
B&G Foods, Inc.;€ 122,53;18.12.2020;Packaged Foods
Equity Bancshares, Inc.;€ 143,03;14.08.2020;Major Banks
National Energy Services Reunited Corp.;€ 540,34;20.11.2020;Business Services
Copa Holdings, S.A.;€ 255,21;20.08.2020;Air Freight/Delivery Services
James Hardie Industries plc.;€ 115,95;30.11.2020;Building Materials
Box, Inc.;€ 99,43;31.01.2021;Computer Software: Prepackaged Software
Genesis Healthcare, Inc.;€ 107,44;07.07.2020;Hospital/Nursing Management
Trillium Therapeutics Inc.;€ 370,63;19.06.2020;Major Pharmaceuticals
Cellectis S.A.;€ 234,76;27.12.2020;Biotechnology: Biological Products (No Diagnostic Substances)
ProShares UltraPro Short NASDAQ Biotechnology;€ 483,62;06.09.2020;n/a
ENI S.p.A.;€ 78,23;24.02.2021;Oil & Gas Production
DTE Energy Company;€ 444,29;09.01.2021;Electric Utilities: Central
Cresud S.A.C.I.F. y A.;€ 151,78;29.07.2020;Real Estate
Tsakos Energy Navigation Ltd;€ 78,63;15.08.2020;Marine Transportation
Richardson Electronics, Ltd.;€ 589,13;09.04.2021;Electronic Components
Prosperity Bancshares, Inc.;€ 321,32;03.09.2020;Major Banks
Navigant Consulting, Inc.;€ 547,31;09.01.2021;Professional Services
Voya International High Dividend Equity Income Fund;€ 475,68;18.02.2021;n/a
Bed Bath & Beyond Inc.;€ 250,79;12.07.2020;Home Furnishings
Banco De Chile;€ 406,58;15.08.2020;Commercial Banks
DDR Corp.;€ 281,84;03.12.2020;Real Estate Investment Trusts
Qiagen N.V.;€ 440,77;15.08.2020;Biotechnology: Biological Products (No Diagnostic Substances)
Capitala Finance Corp.;€ 98,68;03.10.2020;n/a
Danaher Corporation;€ 63,00;09.03.2021;Industrial Machinery/Components
Summit State Bank;€ 415,42;22.04.2021;n/a
Albany International Corporation;€ 329,22;29.05.2020;Textiles
Century Bancorp, Inc.;€ 554,92;19.07.2020;Major Banks
Nova Lifestyle, Inc;€ 517,47;30.06.2020;Home Furnishings
Forum Merger Corporation;€ 503,65;30.03.2021;Business Services
LaSalle Hotel Properties;€ 355,41;16.01.2021;n/a
Vishay Precision Group, Inc.;€ 243,86;07.03.2021;Electrical Products
Phibro Animal Health Corporation;€ 430,38;13.04.2021;Major Pharmaceuticals
Valhi, Inc.;€ 454,75;17.03.2021;Major Chemicals
NantHealth, Inc.;€ 64,83;17.02.2021;EDP Services
Newfield Exploration Company;€ 291,18;31.03.2021;Oil & Gas Production
Saratoga Investment Corp;€ 191,79;20.09.2020;n/a
CSI Compressco LP;€ 76,59;16.03.2021;Oilfield Services/Equipment
KBS Fashion Group Limited;€ 337,66;18.01.2021;Apparel
Jack In The Box Inc.;€ 583,70;09.11.2020;Restaurants
Blackrock MuniYield Investment QualityFund;€ 486,77;08.08.2020;n/a
Bank of America Corporation;€ 173,65;27.09.2020;n/a
Heritage Insurance Holdings, Inc.;€ 590,35;13.07.2020;Property-Casualty Insurers
Southern California Edison Company;€ 370,07;29.03.2021;n/a
Amerco;€ 441,60;04.05.2020;Rental/Leasing Companies
Cencosud S.A.;€ 581,10;28.05.2020;Department/Specialty Retail Stores
AmTrust Financial Services, Inc.;€ 596,95;19.04.2021;n/a
The ExOne Company;€ 549,76;29.03.2021;Industrial Machinery/Components
Otonomy, Inc.;€ 184,31;13.05.2020;Major Pharmaceuticals
Cellcom Israel, Ltd.;€ 379,30;21.06.2020;Telecommunications Equipment
Art's-Way Manufacturing Co., Inc.;€ 345,21;09.10.2020;Industrial Machinery/Components
KMG Chemicals, Inc.;€ 556,51;28.09.2020;Major Chemicals
Aquinox Pharmaceuticals, Inc.;€ 427,43;07.11.2020;Major Pharmaceuticals
BlackRock Income Trust Inc. (The);€ 378,44;29.05.2020;n/a
Laureate Education, Inc.;€ 392,38;17.10.2020;Other Consumer Services
PIMCO California Municipal Income Fund III;€ 500,67;16.08.2020;n/a
Vanda Pharmaceuticals Inc.;€ 135,42;16.11.2020;Major Pharmaceuticals
PowerShares Russell 1000 Low Beta Equal Weight Portfolio;€ 283,12;09.04.2021;n/a
Matlin & Partners Acquisition Corporation;€ 274,09;05.11.2020;Business Services
EVINE Live Inc.;€ 128,08;27.09.2020;Catalog/Specialty Distribution
Carver Bancorp, Inc.;€ 510,89;23.11.2020;Savings Institutions
Park-Ohio Holdings Corp.;€ 153,41;24.07.2020;Industrial Specialties
First BanCorp.;€ 520,30;29.04.2021;Major Banks
KalVista Pharmaceuticals, Inc.;€ 240,85;20.07.2020;Major Pharmaceuticals
Park Electrochemical Corporation;€ 476,23;17.02.2021;Electrical Products
Presbia PLC;€ 531,52;22.07.2020;Medical/Dental Instruments
Tsakos Energy Navigation Ltd;€ 323,26;09.09.2020;Marine Transportation
Century Aluminum Company;€ 217,61;24.08.2020;Aluminum
PNC Financial Services Group, Inc. (The);€ 160,96;06.01.2021;Major Banks
Playa Hotels & Resorts N.V.;€ 521,70;24.03.2021;Hotels/Resorts
Entercom Communications Corporation;€ 360,32;29.05.2020;Broadcasting
Credit Suisse AG;€ 332,72;24.03.2021;Investment Bankers/Brokers/Service
FS Bancorp, Inc.;€ 399,71;27.08.2020;Banks
Goldman Sachs MLP Income Opportunities Fund;€ 461,83;22.05.2020;n/a
Nuveen Tax-Advantaged Total Return Strategy Fund;€ 169,67;18.05.2020;n/a
Continental Resources, Inc.;€ 385,44;28.09.2020;Oil & Gas Production
Mitsubishi UFJ Financial Group Inc;€ 391,26;18.08.2020;Commercial Banks
Bright Horizons Family Solutions Inc.;€ 174,84;16.04.2021;Other Consumer Services
pdvWireless, Inc.;€ 401,95;12.01.2021;Telecommunications Equipment
Capital One Financial Corporation;€ 298,70;25.09.2020;n/a
KKR Income Opportunities Fund;€ 174,59;01.11.2020;n/a
Global X Millennials Thematic ETF;€ 141,82;28.01.2021;n/a
HomeTown Bankshares Corporation;€ 131,63;19.07.2020;Major Banks
Stewart Information Services Corporation;€ 224,48;02.07.2020;Specialty Insurers
Putnam Municipal Opportunities Trust;€ 71,45;23.08.2020;n/a
AVEO Pharmaceuticals, Inc.;€ 56,98;13.01.2021;Major Pharmaceuticals
Packaging Corporation of America;€ 437,29;02.02.2021;Containers/Packaging
Check Point Software Technologies Ltd.;€ 220,42;09.03.2021;Computer Software: Prepackaged Software
Community Bank System, Inc.;€ 54,08;22.11.2020;Major Banks
R.R. Donnelley & Sons Company;€ 332,60;01.02.2021;Publishing
MAM Software Group, Inc.;€ 482,82;18.05.2020;Computer Software: Prepackaged Software
Westrock Company;€ 565,34;29.12.2020;Containers/Packaging
Syros Pharmaceuticals, Inc.;€ 382,35;27.06.2020;Major Pharmaceuticals
WEX Inc.;€ 178,12;30.05.2020;Business Services
PRA Group, Inc.;€ 84,30;12.04.2021;Finance: Consumer Services
iShares S&P Global Clean Energy Index Fund;€ 65,55;10.10.2020;n/a
Union Bankshares Corporation;€ 110,33;30.01.2021;Major Banks
Vornado Realty Trust;€ 134,22;26.04.2021;Real Estate Investment Trusts
Senomyx, Inc.;€ 296,97;24.07.2020;Biotechnology: Commercial Physical & Biological Resarch
GasLog Partners LP;€ 398,61;23.05.2020;Marine Transportation
Textainer Group Holdings Limited;€ 504,43;12.09.2020;Diversified Commercial Services
Chatham Lodging Trust (REIT);€ 336,64;18.08.2020;Real Estate Investment Trusts
MicroStrategy Incorporated;€ 120,54;11.11.2020;Computer Software: Prepackaged Software
Marine Products Corporation;€ 257,15;12.02.2021;Marine Transportation
Synergy Pharmaceuticals, Inc.;€ 60,30;14.11.2020;Major Pharmaceuticals
Horizons NASDAQ-100 Covered Call ETF;€ 578,75;02.12.2020;n/a
SLM Corporation;€ 497,16;16.03.2021;Finance: Consumer Services
Great Western Bancorp, Inc.;€ 438,80;16.04.2021;Major Banks
Janus Henderson Small Cap Growth Alpha ETF;€ 240,23;25.07.2020;n/a
Evoke Pharma, Inc.;€ 127,52;28.04.2021;Major Pharmaceuticals
iRhythm Technologies, Inc.;€ 263,83;31.01.2021;Medical/Dental Instruments
BOK Financial Corporation;€ 256,95;12.08.2020;Major Banks
OpGen, Inc.;€ 296,25;05.05.2020;Medical Specialities
Rennova Health, Inc.;€ 480,11;25.07.2020;Precision Instruments
Silver Run Acquisition Corporation II;€ 179,99;21.02.2021;Business Services
TheStreet, Inc.;€ 181,17;17.12.2020;Newspapers/Magazines
ARCA biopharma, Inc.;€ 392,11;01.04.2021;Biotechnology: In Vitro & In Vivo Diagnostic Substances
Daktronics, Inc.;€ 51,40;11.10.2020;Miscellaneous manufacturing industries
Bel Fuse Inc.;€ 364,55;05.02.2021;Electrical Products
Encana Corporation;€ 315,76;13.10.2020;Oil & Gas Production
Royal Bank Scotland plc (The);€ 110,39;08.12.2020;Commercial Banks
Cross Country Healthcare, Inc.;€ 197,46;16.12.2020;Professional Services
John Hancock Investors Trust;€ 51,65;26.03.2021;n/a
Dell Technologies Inc.;€ 85,03;30.07.2020;Computer Manufacturing
Rowan Companies plc;€ 101,55;02.10.2020;Oil & Gas Production
Baxter International Inc.;€ 186,72;01.06.2020;Medical/Dental Instruments
Accenture plc;€ 335,48;18.03.2021;Business Services
Oxford Lane Capital Corp.;€ 310,71;06.05.2020;n/a
TrovaGene, Inc.;€ 243,11;26.10.2020;Biotechnology: Biological Products (No Diagnostic Substances)
Mesa Royalty Trust;€ 206,17;22.10.2020;Oil & Gas Production
KKR & Co. L.P.;€ 162,10;13.06.2020;n/a
First Financial Bancorp.;€ 250,02;20.03.2021;Major Banks
GasLog LP.;€ 144,43;29.01.2021;Marine Transportation
PowerShares Russell 1000 Low Beta Equal Weight Portfolio;€ 339,84;29.10.2020;n/a
Western Asset Mortgage Capital Corporation;€ 92,01;20.03.2021;Real Estate Investment Trusts
Magyar Bancorp, Inc.;€ 582,66;20.07.2020;Savings Institutions
TCF Financial Corporation;€ 331,39;18.10.2020;n/a
MetLife, Inc.;€ 442,90;04.05.2020;n/a
SodaStream International Ltd.;€ 489,87;04.04.2021;Consumer Electronics/Appliances
Ceragon Networks Ltd.;€ 301,81;30.05.2020;Radio And Television Broadcasting And Communications Equipment
Colony NorthStar, Inc.;€ 114,27;02.04.2021;n/a
FIRST REPUBLIC BANK;€ 209,26;17.08.2020;n/a
WisdomTree United Kingdom Hedged Equity Fund;€ 431,48;21.07.2020;n/a
Nuveen Floating Rate Income Opportuntiy Fund;€ 165,89;14.05.2020;n/a
Atlantic Power Corporation;€ 529,41;20.05.2020;Electric Utilities: Central
Globus Medical, Inc.;€ 440,62;15.12.2020;Medical/Dental Instruments
Gazit-Globe Ltd.;€ 330,31;31.03.2021;Real Estate
County Bancorp, Inc.;€ 206,06;23.02.2021;Major Banks
Entergy Texas Inc;€ 277,24;23.11.2020;Electric Utilities: Central
BLDRS Emerging Markets 50 ADR Index Fund;€ 80,58;06.10.2020;n/a
NMI Holdings Inc;€ 582,53;07.01.2021;Property-Casualty Insurers
East West Bancorp, Inc.;€ 412,78;23.02.2021;Major Banks
Gramercy Property Trust;€ 526,48;09.02.2021;Real Estate Investment Trusts
Viking Therapeutics, Inc.;€ 113,20;29.07.2020;Major Pharmaceuticals
Richardson Electronics, Ltd.;€ 331,40;04.09.2020;Electronic Components
Comcast Corporation;€ 450,79;22.09.2020;Television Services
LightInTheBox Holding Co., Ltd.;€ 510,01;30.12.2020;Catalog/Specialty Distribution
Education Realty Trust Inc.;€ 384,00;31.05.2020;Real Estate Investment Trusts
PowerShares KBW Property & Casualty Insurance Portfolio;€ 158,40;25.06.2020;n/a
Nuveen Insured New York Select Tax-Free Income Portfolio;€ 596,80;27.07.2020;n/a
Great Elm Capital Corp.;€ 408,21;23.11.2020;n/a
Puma Biotechnology Inc;€ 551,52;19.08.2020;Major Pharmaceuticals
Zix Corporation;€ 75,15;07.09.2020;EDP Services
Saul Centers, Inc.;€ 538,55;03.02.2021;Real Estate Investment Trusts
Sensata Technologies Holding N.V.;€ 108,29;31.12.2020;Industrial Machinery/Components
iStar Financial Inc.;€ 334,29;23.04.2021;Real Estate Investment Trusts
Dynegy Inc.;€ 124,69;02.03.2021;Electric Utilities: Central
Aceto Corporation;€ 222,67;08.06.2020;Other Pharmaceuticals
CACI International, Inc.;€ 448,47;13.11.2020;EDP Services
FinTech Acquisition Corp. II;€ 192,82;01.02.2021;Business Services
Guidance Software, Inc.;€ 51,21;29.04.2021;Computer Software: Prepackaged Software
Essendant Inc.;€ 553,69;24.07.2020;Paper
Arch Coal, Inc.;€ 320,42;16.07.2020;Coal Mining
eHi Car Services Limited;€ 427,90;23.09.2020;Rental/Leasing Companies
Associated Banc-Corp;€ 425,72;05.11.2020;n/a
First Trust Senior Loan Fund ETF;€ 489,63;15.02.2021;n/a
Tennessee Valley Authority;€ 186,71;03.01.2021;Electric Utilities: Central
Teekay LNG Partners L.P.;€ 497,18;21.07.2020;n/a
PowerShares KBW Bank Portfolio;€ 350,13;28.12.2020;n/a
MVC Capital, Inc.;€ 52,53;23.07.2020;n/a
CTI Industries Corporation;€ 226,66;17.05.2020;Specialty Chemicals
Supernus Pharmaceuticals, Inc.;€ 307,51;14.10.2020;Major Pharmaceuticals
Arcos Dorados Holdings Inc.;€ 400,96;15.10.2020;Restaurants
Amerco;€ 595,83;20.02.2021;Rental/Leasing Companies
Cubic Corporation;€ 117,73;20.10.2020;Industrial Machinery/Components
China Southern Airlines Company Limited;€ 87,90;19.01.2021;Air Freight/Delivery Services
Just Energy Group, Inc.;€ 422,22;31.08.2020;n/a
Monolithic Power Systems, Inc.;€ 201,78;23.01.2021;Semiconductors
Physicians Realty Trust;€ 294,35;11.10.2020;Real Estate Investment Trusts
NeuroDerm Ltd.;€ 595,49;30.07.2020;Major Pharmaceuticals
HDFC Bank Limited;€ 432,76;10.02.2021;Commercial Banks
Citizens, Inc.;€ 326,75;20.06.2020;Life Insurance
Alleghany Corporation;€ 272,39;09.09.2020;Property-Casualty Insurers
Entergy New Orleans, Inc.;€ 458,37;04.12.2020;Power Generation
Bankwell Financial Group, Inc.;€ 459,44;12.12.2020;Major Banks
Gol Linhas Aereas Inteligentes S.A.;€ 466,40;27.09.2020;Air Freight/Delivery Services
Delek Logistics Partners, L.P.;€ 538,89;27.03.2021;Natural Gas Distribution
Tuniu Corporation;€ 66,76;02.12.2020;Transportation Services
ChromaDex Corporation;€ 233,31;15.08.2020;Specialty Chemicals
Cinemark Holdings Inc;€ 262,06;18.09.2020;Movies/Entertainment
Pearson, Plc;€ 465,54;19.03.2021;Books
Azure Power Global Limited;€ 313,76;11.02.2021;Electric Utilities: Central
First Trust Alternative Absolute Return Strategy ETF;€ 182,70;06.10.2020;n/a
Manulife Financial Corp;€ 150,23;07.09.2020;Life Insurance
Steelcase Inc.;€ 186,55;09.11.2020;Office Equipment/Supplies/Services
Solar Senior Capital Ltd.;€ 468,65;22.12.2020;n/a
Two River Bancorp;€ 492,91;25.09.2020;Major Banks
Willis Lease Finance Corporation;€ 340,13;14.07.2020;Industrial Specialties
HollyFrontier Corporation;€ 88,26;02.12.2020;Integrated oil Companies
Eastern Company (The);€ 173,16;17.12.2020;Industrial Machinery/Components
Bravo Brio Restaurant Group, Inc.;€ 173,48;30.04.2021;Restaurants
Hemisphere Media Group, Inc.;€ 551,73;05.12.2020;Television Services
Tortoise Power and Energy Infrastructure Fund, Inc;€ 586,49;28.05.2020;n/a
Toll Brothers Inc.;€ 451,97;08.09.2020;Homebuilding
Bank of America Corporation;€ 353,20;05.10.2020;n/a
Roadrunner Transportation Systems, Inc;€ 521,02;26.01.2021;Oil Refining/Marketing
Kate Spade & Company;€ 101,20;09.12.2020;Apparel
VanEck Vectors Pharmaceutical ETF;€ 383,80;17.12.2020;n/a
Old Line Bancshares, Inc.;€ 272,94;14.03.2021;Major Banks
Celadon Group, Inc.;€ 448,97;08.02.2021;Trucking Freight/Courier Services
Solar Capital Ltd.;€ 365,61;05.09.2020;n/a
Global X Health & Wellness Thematic ETF;€ 261,24;29.12.2020;n/a
Great Ajax Corp.;€ 420,63;23.06.2020;Real Estate Investment Trusts
PowerShares S&P SmallCap Materials Portfolio;€ 597,51;03.10.2020;n/a
Performance Food Group Company;€ 263,99;19.08.2020;Food Distributors
BlackRock Credit Allocation Income Trust;€ 557,83;24.12.2020;n/a
EVINE Live Inc.;€ 367,81;04.03.2021;Catalog/Specialty Distribution
Syngenta AG;€ 146,02;07.01.2021;Agricultural Chemicals
Supernus Pharmaceuticals, Inc.;€ 294,92;01.02.2021;Major Pharmaceuticals
Bank of America Corporation;€ 119,35;10.09.2020;n/a
Citigroup Inc.;€ 202,62;05.06.2020;Major Banks
GSV Capital Corp;€ 547,26;30.01.2021;n/a
Haverty Furniture Companies, Inc.;€ 410,80;14.10.2020;n/a
National CineMedia, Inc.;€ 383,77;27.09.2020;Advertising
Kronos Worldwide Inc;€ 290,63;31.05.2020;Major Chemicals
Applied Optoelectronics, Inc.;€ 310,10;29.06.2020;Semiconductors
Extreme Networks, Inc.;€ 95,97;22.06.2020;Computer Communications Equipment
Renewable Energy Group, Inc.;€ 212,18;13.11.2020;Major Chemicals
INC Research Holdings, Inc.;€ 510,44;03.01.2021;Biotechnology: Commercial Physical & Biological Resarch
Global Brass and Copper Holdings, Inc.;€ 210,66;03.09.2020;Metal Fabrications
Western Asset Mortgage Capital Corporation;€ 559,24;10.03.2021;Real Estate Investment Trusts
Energy Transfer Equity, L.P.;€ 207,05;29.08.2020;Natural Gas Distribution
Northwest Natural Gas Company;€ 112,00;19.01.2021;Oil/Gas Transmission
QIWI plc;€ 401,16;01.01.2021;Business Services
Amec Plc Ord;€ 367,42;23.03.2021;Military/Government/Technical
Hersha Hospitality Trust;€ 145,32;31.10.2020;n/a
Nuveen New Jersey Quality Municipal Income Fund;€ 193,51;05.10.2020;n/a
pSivida Corp.;€ 291,00;25.12.2020;Biotechnology: Laboratory Analytical Instruments
iShares MSCI Global Impact ETF;€ 374,53;08.03.2021;n/a
Glu Mobile Inc.;€ 104,72;01.05.2021;EDP Services
VALE S.A.;€ 358,99;16.03.2021;n/a
WEX Inc.;€ 329,39;28.01.2021;Business Services
TriNet Group, Inc.;€ 98,41;11.05.2020;Business Services
Aware, Inc.;€ 165,83;03.12.2020;Computer Software: Prepackaged Software
NRG Yield, Inc.;€ 241,72;28.07.2020;n/a
Jumei International Holding Limited;€ 452,17;20.02.2021;Other Specialty Stores
KKR & Co. L.P.;€ 149,34;06.01.2021;n/a
TRI Pointe Group, Inc.;€ 215,00;28.02.2021;Homebuilding
Fresenius Medical Care Corporation;€ 353,23;31.12.2020;Hospital/Nursing Management
ONEOK Partners, L.P.;€ 314,20;17.12.2020;Natural Gas Distribution
California Water  Service Group Holding;€ 434,82;12.07.2020;Water Supply
State Street Corporation;€ 57,46;11.03.2021;n/a
Nu Skin Enterprises, Inc.;€ 62,19;08.01.2021;Other Pharmaceuticals
McGrath RentCorp;€ 98,08;02.06.2020;Diversified Commercial Services
Dynegy Inc.;€ 51,42;20.10.2020;Electric Utilities: Central
Freightcar America, Inc.;€ 267,21;17.06.2020;Railroads
Modern Media Acquisition Corp.;€ 524,61;02.06.2020;Business Services
Tailored Brands, Inc.;€ 422,02;20.01.2021;Clothing/Shoe/Accessory Stores
First Trust Dynamic Europe Equity Income Fund;€ 251,39;30.12.2020;n/a
Reinsurance Group of America, Incorporated;€ 465,87;02.01.2021;Life Insurance
Adaptimmune Therapeutics plc;€ 79,30;05.05.2020;Biotechnology: Biological Products (No Diagnostic Substances)
Carnival Corporation;€ 589,27;17.06.2020;Marine Transportation
Voyager Therapeutics, Inc.;€ 316,93;23.06.2020;Biotechnology: Biological Products (No Diagnostic Substances)
Lawson Products, Inc.;€ 159,68;23.10.2020;Industrial Specialties
Macerich Company (The);€ 165,21;15.07.2020;Real Estate Investment Trusts
TPG Specialty Lending, Inc.;€ 431,90;29.10.2020;n/a
Novanta Inc.;€ 217,84;30.05.2020;Industrial Machinery/Components
Xenon Pharmaceuticals Inc.;€ 480,08;31.12.2020;Major Pharmaceuticals
Scorpio Bulkers Inc.;€ 539,59;05.08.2020;Marine Transportation
Superior Industries International, Inc.;€ 554,57;13.02.2021;Auto Parts:O.E.M.
Magellan Health, Inc.;€ 226,54;15.09.2020;Hospital/Nursing Management
Alimera Sciences, Inc.;€ 370,63;04.09.2020;Major Pharmaceuticals
Grupo Supervielle S.A.;€ 405,92;28.10.2020;Commercial Banks
CNOOC Limited;€ 393,91;25.08.2020;Oil & Gas Production
Hersha Hospitality Trust;€ 244,11;28.04.2021;n/a
THL Credit, Inc.;€ 533,69;26.08.2020;n/a
Cogint, Inc.;€ 129,51;09.09.2020;Advertising
Apollo Senior Floating Rate Fund Inc.;€ 157,96;18.01.2021;n/a
Gabelli Equity Trust, Inc. (The);€ 137,52;15.03.2021;n/a
Albany Molecular Research, Inc.;€ 370,45;13.02.2021;Biotechnology: Commercial Physical & Biological Resarch
Reading International Inc;€ 390,72;18.06.2020;Movies/Entertainment
Interpace Diagnostics Group, Inc.;€ 324,38;20.01.2021;Medical/Dental Instruments
Generac Holdlings Inc.;€ 253,92;28.01.2021;Metal Fabrications
Aceto Corporation;€ 129,78;22.01.2021;Other Pharmaceuticals
CVR Refining, LP;€ 535,69;12.01.2021;Integrated oil Companies
FTD Companies, Inc.;€ 349,58;19.01.2021;Other Consumer Services
Electronic Arts Inc.;€ 484,60;20.11.2020;Computer Software: Prepackaged Software
Grupo Televisa S.A.;€ 324,50;09.01.2021;Broadcasting
Therapix Biosciences Ltd.;€ 51,57;22.10.2020;Major Pharmaceuticals
Assembly Biosciences, Inc.;€ 374,25;10.04.2021;Major Pharmaceuticals
AVEO Pharmaceuticals, Inc.;€ 215,37;21.05.2020;Major Pharmaceuticals
Abraxas Petroleum Corporation;€ 500,42;12.10.2020;Oil & Gas Production
First Trust Taiwan AlphaDEX Fund;€ 286,71;09.10.2020;n/a
Verastem, Inc.;€ 567,78;30.07.2020;Major Pharmaceuticals
iShares FTSE EPRA/NAREIT Global Real Estate ex-U.S. Index Fund;€ 525,60;01.03.2021;n/a
PCSB Financial Corporation;€ 534,22;15.03.2021;Banks
Dynex Capital, Inc.;€ 187,73;26.08.2020;n/a
RenaissanceRe Holdings Ltd.;€ 123,31;13.04.2021;n/a
OvaScience Inc.;€ 320,53;01.12.2020;Major Pharmaceuticals
Green Plains, Inc.;€ 410,59;13.06.2020;Major Chemicals
Sykes Enterprises, Incorporated;€ 230,29;22.04.2021;EDP Services
New York & Company, Inc.;€ 193,02;07.04.2021;Clothing/Shoe/Accessory Stores
FTD Companies, Inc.;€ 599,60;11.07.2020;Other Consumer Services
OFG Bancorp;€ 485,23;11.10.2020;n/a
Nuveen Insured New York Select Tax-Free Income Portfolio;€ 470,34;19.01.2021;n/a
Transcontinental Realty Investors, Inc.;€ 239,31;15.11.2020;Real Estate Investment Trusts
Parkway, Inc.;€ 412,08;27.04.2021;n/a
1347 Property Insurance Holdings, Inc.;€ 346,49;13.07.2020;Property-Casualty Insurers
Oritani Financial Corp.;€ 192,87;06.05.2020;Major Banks
Leucadia National Corporation;€ 578,28;17.11.2020;Meat/Poultry/Fish
Arbor Realty Trust;€ 333,32;13.12.2020;n/a
F5 Networks, Inc.;€ 178,63;01.09.2020;Computer Communications Equipment
Blackrock MuniYield Pennsylvania Quality Fund;€ 158,05;23.12.2020;n/a
Enable Midstream Partners, LP;€ 74,10;28.11.2020;Natural Gas Distribution
Kroger Company (The);€ 248,68;12.06.2020;Food Chains
Calumet Specialty Products Partners, L.P.;€ 139,60;31.10.2020;Integrated oil Companies
AvalonBay Communities, Inc.;€ 428,01;25.02.2021;Real Estate Investment Trusts
Tanger Factory Outlet Centers, Inc.;€ 162,97;02.08.2020;Real Estate Investment Trusts
Sigma Designs, Inc.;€ 223,36;11.05.2020;Semiconductors
UMB Financial Corporation;€ 85,75;18.10.2020;Major Banks
iShares iBoxx $ High Yield ex Oil & Gas Corporate Bond ETF;€ 553,76;31.10.2020;n/a
MB Financial Inc.;€ 170,00;13.08.2020;Major Banks
Points International, Ltd.;€ 376,12;17.12.2020;Business Services
Altria Group;€ 506,16;20.07.2020;Farming/Seeds/Milling
Health Insurance Innovations, Inc.;€ 55,08;21.05.2020;Specialty Insurers
RTI Surgical, Inc.;€ 461,66;13.03.2021;Industrial Specialties
Stantec Inc;€ 57,86;07.08.2020;Military/Government/Technical
State National Companies, Inc.;€ 112,78;20.08.2020;Property-Casualty Insurers
Agile Therapeutics, Inc.;€ 172,61;21.05.2020;Major Pharmaceuticals
Royal Gold, Inc.;€ 206,33;12.02.2021;Precious Metals
Pharmerica Corporation;€ 53,71;18.03.2021;Medical/Nursing Services
Angie's List, Inc.;€ 398,72;22.05.2020;Advertising
Emerge Energy Services LP;€ 473,89;22.12.2020;Mining & Quarrying of Nonmetallic Minerals (No Fuels)
Regency Centers Corporation;€ 353,67;06.05.2020;Real Estate Investment Trusts
Visa Inc.;€ 569,08;01.12.2020;Business Services
Layne Christensen Company;€ 299,26;02.09.2020;Engineering & Construction
RAIT Financial Trust;€ 395,40;26.03.2021;Real Estate Investment Trusts
ChinaNet Online Holdings, Inc.;€ 228,69;05.12.2020;Computer Software: Programming, Data Processing
EnLink Midstream, LLC;€ 80,98;16.09.2020;Natural Gas Distribution
NutriSystem Inc;€ 228,68;05.08.2020;Catalog/Specialty Distribution
Yum China Holdings, Inc.;€ 386,42;25.02.2021;Restaurants
Berry Global Group, Inc.;€ 86,46;10.05.2020;Plastic Products
Cincinnati Bell Inc;€ 109,07;20.09.2020;Telecommunications Equipment
NewStar Financial, Inc.;€ 159,95;08.07.2020;Finance: Consumer Services
Bio-Path Holdings, Inc.;€ 374,11;27.12.2020;Major Pharmaceuticals
Calumet Specialty Products Partners, L.P.;€ 453,60;04.03.2021;Integrated oil Companies
Radcom Ltd.;€ 95,19;24.03.2021;Computer peripheral equipment
CyberOptics Corporation;€ 195,41;24.09.2020;Electronic Components
Aegon NV;€ 109,46;26.10.2020;Life Insurance
Genworth Financial Inc;€ 250,96;21.09.2020;Life Insurance
Cooper Companies, Inc. (The);€ 316,25;29.09.2020;Ophthalmic Goods
Sutherland Asset Management Corporation;€ 224,90;03.02.2021;Real Estate Investment Trusts
Tenneco Inc.;€ 507,81;06.11.2020;Auto Parts:O.E.M.
Materion Corporation;€ 376,55;28.09.2020;Industrial Specialties
Ulta Beauty, Inc.;€ 154,88;02.03.2021;Other Specialty Stores
Blackrock MuniYield California Fund, Inc.;€ 297,77;27.07.2020;n/a
Artesian Resources Corporation;€ 491,12;27.03.2021;Water Supply
D.R. Horton, Inc.;€ 154,07;10.11.2020;Homebuilding
Duke Realty Corporation;€ 289,40;29.05.2020;Real Estate Investment Trusts
Bridgford Foods Corporation;€ 57,89;12.04.2021;Specialty Foods
NanoString Technologies, Inc.;€ 109,29;28.06.2020;Biotechnology: Biological Products (No Diagnostic Substances)
Vanguard Total International Stock ETF;€ 129,39;25.01.2021;n/a
Zosano Pharma Corporation;€ 149,79;29.10.2020;Major Pharmaceuticals
First Community Corporation;€ 288,30;31.03.2021;Major Banks
Tonix Pharmaceuticals Holding Corp.;€ 138,26;28.11.2020;Major Pharmaceuticals
TearLab Corporation;€ 585,91;01.12.2020;Medical/Dental Instruments
AbbVie Inc.;€ 72,52;05.11.2020;Major Pharmaceuticals
Wells Fargo & Company;€ 506,66;22.06.2020;n/a
Great Ajax Corp.;€ 332,32;24.03.2021;Real Estate Investment Trusts
Western Asset Managed Municipals Fund, Inc.;€ 323,80;26.09.2020;n/a
iShares FTSE EPRA/NAREIT Global Real Estate ex-U.S. Index Fund;€ 372,54;02.08.2020;n/a
Seaspan Corporation;€ 489,47;21.11.2020;n/a
Pinnacle West Capital Corporation;€ 351,63;19.06.2020;Electric Utilities: Central
Hudbay Minerals Inc.;€ 222,30;29.10.2020;n/a
Customers Bancorp, Inc;€ 111,62;09.04.2021;n/a
Old Line Bancshares, Inc.;€ 87,40;21.10.2020;Major Banks
Entertainment Gaming Asia Incorporated;€ 202,26;09.10.2020;Miscellaneous manufacturing industries
Avery Dennison Corporation;€ 520,10;28.08.2020;Containers/Packaging
